GT-C,1.0
Time-C,1.1897889655127114
jaca,1.0848209794234314
Arr-C,1.462497553853714
GPU-C,1.6399505665339487
