GT-C,1.0
Time-C,1.273899603055921
jaca,1.1351390198128901
Arr-C,2.1005677008766845
GPU-C,1.7278483768846733
