GT-C,1.0
Time-C,1.919776746206666
jaca,1.020130251093915
Arr-C,1.4232116113101536
GPU-C,1.5860248925187541
